dataset,length
Dataset1,112
Dataset1,52
Dataset1,65
Dataset1,48
Dataset1,64
Dataset1,72
Dataset1,134
Dataset1,64
Dataset1,45
Dataset1,55
Dataset1,37
Dataset1,69
Dataset1,90
Dataset1,68
Dataset1,82
Dataset1,71
Dataset1,68
Dataset2,55
Dataset2,73
Dataset2,101
Dataset2,85
Dataset2,25
Dataset2,17
Dataset2,120
Dataset2,69
Dataset2,202
Dataset2,169
Dataset2,56
Dataset2,107
Dataset2,113
Dataset2,277
Dataset2,56
Dataset2,57
Dataset3,72
Dataset3,68
Dataset3,76
Dataset3,93
Dataset3,75
Dataset3,69
Dataset3,83
Dataset3,74
Dataset3,75
Dataset3,78
Dataset3,93
Dataset3,131
Dataset3,133
Dataset3,69
Dataset3,86
Dataset3,77
Dataset3,105
